,sequenceID,start,end,pvalue,family,annotLength
0,CHJKIDIA_00032,523,1089,4.686509848606664e-34,GT4,564
0,CHJKIDIA_00100,571,1401,1.7061621941981902e-75,GT71,828
0,CHJKIDIA_00151,871,939,1.0471775657394663e-21,GH16,66
1,CHJKIDIA_00151,940,1929,2.855854564567431e-166,GH16_2,987
2,CHJKIDIA_00151,1930,1965,1.0471775657394663e-21,GH16,33
0,CHJKIDIA_00153,931,999,1.7755052755417502e-16,GH16,66
1,CHJKIDIA_00153,1000,1965,2.6604761340126986e-165,GH16_2,963
2,CHJKIDIA_00153,1966,1998,1.7755052755417502e-16,GH16,30
1,CHJKIDIA_00199,3157,4509,9.299640914904323e-226,GH13_25,1350
0,CHJKIDIA_00244,826,1647,2.309514220780814e-85,GH38,819
0,CHJKIDIA_00499,13,1179,5.722898339136505e-82,GH18,1164
0,CHJKIDIA_00512,346,1737,1.4274074777266293e-142,GT91,1389
0,CHJKIDIA_00560,313,1698,1.2202247600274828e-160,GH47,1383
0,CHJKIDIA_00623,1,945,4.366237222675571e-49,GH13,942
0,CHJKIDIA_00637,157,1344,4.5455466441597746e-150,GT33,1185
0,CHJKIDIA_00852,100,936,6.824360039351127e-60,GT39,834
0,CHJKIDIA_01058,1342,2232,2.908960142311189e-73,GT71,888
0,CHJKIDIA_01282,226,1941,8.998502080605335e-226,GH5_12,1713
0,CHJKIDIA_01288,52,966,8.984437225906686e-135,GH72,912
0,CHJKIDIA_01378,3349,3432,1.9083186623596374e-26,GT8,81
1,CHJKIDIA_01378,3433,4170,1.3705304122426019e-111,GT24,735
0,CHJKIDIA_01405,751,2232,4.823524469199454e-140,GH92,1479
0,CHJKIDIA_01543,91,273,1.3114946624726306e-36,GH5,180
1,CHJKIDIA_01543,274,1161,7.228243202769809e-134,GH5_9,885
2,CHJKIDIA_01543,1162,1215,1.3114946624726306e-36,GH5,51
0,CHJKIDIA_01610,64,1572,1.2302447722228316e-144,GT20,1506
0,CHJKIDIA_01783,40,1221,2.4941518619610803e-92,GH76,1179
0,CHJKIDIA_01960,202,1035,1.6154812027590623e-120,GT15,831
0,CHJKIDIA_02063,1,2388,5.9025597776279684e-80,GH2,2385
0,CHJKIDIA_02075,25,927,1.213686547801817e-30,GT2,900
0,CHJKIDIA_02093,3250,4626,1.1827489630885242e-67,GT1,1374
0,CHJKIDIA_02139,31,843,7.649859583868237e-93,GH132,810
0,CHJKIDIA_02203,919,1509,1.0732187746466224e-15,GT4,588
0,CHJKIDIA_02238,427,1842,9.183863550852512e-133,GT91,1413
0,CHJKIDIA_02284,1384,2208,8.381223051363885e-47,GH17,822
0,CHJKIDIA_02381,421,1257,4.227210230630957e-115,GT15,834
0,CHJKIDIA_02422,307,582,4.213941734401975e-25,GT32,273
0,CHJKIDIA_02431,31,978,1.1263102124358249e-54,GH76,945
0,CHJKIDIA_02538,13,1011,3.5129926696369023e-26,GH18,996
0,CHJKIDIA_02643,85,1014,2.741149888386809e-129,GH72,927
1,CHJKIDIA_02643,1171,1410,3.1559213447389584e-15,CBM43,237
0,CHJKIDIA_02648,502,1218,4.2215086426333895e-74,GT34,714
0,CHJKIDIA_02650,2464,4815,2.5312850182385636e-296,GT48,2349
0,CHJKIDIA_02663,877,1644,2.342458605501763e-46,GH17,765
0,CHJKIDIA_02740,217,954,5.778172968098282e-90,GT34,735
0,CHJKIDIA_02768,19,834,5.356431929699591e-45,GT39,813
0,CHJKIDIA_02833,196,948,2.6868165039381474e-56,AA2,750
0,CHJKIDIA_02953,1012,1326,9.759380357021017e-25,CBM21,312
0,CHJKIDIA_03050,10,1011,8.007451045419524e-29,GH18,999
0,CHJKIDIA_03255,211,1614,9.279311900281962e-149,GT57,1401
0,CHJKIDIA_03282,397,1872,1.1025309541045785e-136,GT91,1473
0,CHJKIDIA_03329,4,1188,4.418993732837075e-104,CE9,1182
0,CHJKIDIA_03357,214,264,9.795049346963215e-30,GH5,48
1,CHJKIDIA_03357,265,1128,9.145134229614805e-129,GH5_49,861
2,CHJKIDIA_03357,1129,1245,9.795049346963215e-30,GH5,114
0,CHJKIDIA_03372,2065,4374,1.36270620288761e-282,GT48,2307
0,CHJKIDIA_03414,1,687,1.2949209741712338e-93,GH72,684
0,CHJKIDIA_03516,235,1008,1.5980166101277426e-113,GT62,771
0,CHJKIDIA_03534,232,1005,2.7646830485430036e-106,GT62,771
0,CHJKIDIA_03573,148,870,6.950407262256924e-66,GH3,720
0,CHJKIDIA_03624,334,1137,6.244817299066243e-140,GT15,801
0,CHJKIDIA_03647,244,1599,1.3244583503746878e-42,GH15,1353
0,CHJKIDIA_03767,136,1422,6.387591825581529e-126,GT58,1284
0,CHJKIDIA_03802,193,2175,4.907102617623606e-194,GH81,1980
0,CHJKIDIA_03844,25,1248,1.1652706099201636e-88,GT22,1221
0,CHJKIDIA_03891,19,1308,5.871255597220069e-81,GT22,1287
0,CHJKIDIA_04034,49,1113,9.895725821077175e-47,GH76,1062
0,CHJKIDIA_04044,364,1110,4.59827587417674e-49,GH17,744
0,CHJKIDIA_04191,430,711,1.864253299151134e-23,GT32,279
0,CHJKIDIA_04371,25,1299,2.6400316979649444e-88,GT22,1272
0,CHJKIDIA_04454,238,1281,1.7801843171763937e-63,GT21,1041
0,CHJKIDIA_04486,910,1752,2.0436812544280689e-75,GT71,840
0,CHJKIDIA_04519,139,954,3.4989064887879986e-60,GT39,813
0,CHJKIDIA_04592,916,981,2.5701531488702832e-17,GH16,63
1,CHJKIDIA_04592,982,1971,1.982102413456142e-166,GH16_2,987
2,CHJKIDIA_04592,1972,2004,3.21696680153948e-15,GH16,30
0,CHJKIDIA_04619,364,444,1.4668350834168763e-19,GH16,78
1,CHJKIDIA_04619,445,1392,3.364432609119529e-124,GH16_2,945
2,CHJKIDIA_04619,1393,1431,1.4668350834168763e-19,GH16,36
0,CHJKIDIA_04620,16,117,5.654534845405678e-115,AA1,99
1,CHJKIDIA_04620,118,1143,1.0135637197500885e-143,AA1_2,1023
2,CHJKIDIA_04620,1144,1629,5.654534845405678e-115,AA1,483
0,CHJKIDIA_04678,433,1743,3.449613316524036e-144,GH125,1308
0,CHJKIDIA_04743,1303,2355,1.8335091299553623e-76,GH65,1050
0,CHJKIDIA_04761,250,1083,5.0407777408192815e-24,AA4,831
0,CHJKIDIA_04833,466,1947,1.3831568373986298e-139,GT91,1479
0,CHJKIDIA_04864,964,2331,5.525133811018673e-137,GH31,1365
0,CHJKIDIA_04875,457,1551,2.2418232181072212e-85,GH20,1092
0,CHJKIDIA_04880,160,930,6.524524824483468e-25,AA4,768
1,CHJKIDIA_04880,931,1095,5.721608763886939e-20,AA7,162
0,CHJKIDIA_04881,169,954,1.1795981703526267e-24,AA4,783
1,CHJKIDIA_04881,955,1209,1.5329936797970215e-20,AA7,252
0,CHJKIDIA_04959,163,318,1.1870170064232946e-29,GH5,153
1,CHJKIDIA_04959,319,1179,1.017623552211468e-102,GH5_9,858
2,CHJKIDIA_04959,1180,1314,1.1870170064232946e-29,GH5,132
0,CHJKIDIA_04992,907,2613,6.232700771746833e-120,GH37,1704
0,CHJKIDIA_05062,7,588,1.8911211831860564e-95,AA6,579
0,CHJKIDIA_05064,217,795,8.209156636129377e-106,AA6,576
0,CHJKIDIA_05192,145,1551,1.802555073591721e-133,GH47,1404
0,CHJKIDIA_05213,166,1143,4.417355619061785e-117,GH132,975
0,CHJKIDIA_05300,388,1176,3.5222170913425515e-96,GT50,786
0,CHJKIDIA_05312,1,657,4.2810973490172055e-29,GH13,654
0,CHJKIDIA_05371,841,2547,8.78398006142486e-15,GT2,1704
0,CHJKIDIA_05413,1,693,6.940436177015658e-29,GT2,690
0,CHJKIDIA_05438,1186,3264,5.1201300412167425e-194,GH81,2076
0,CHJKIDIA_05450,1,954,6.866530841290898e-31,GT8,951
0,CHJKIDIA_05474,103,1611,1.1890591964076181e-163,GT57,1506
0,CHJKIDIA_05544,721,2121,3.96052216017314e-130,GT20,1398
0,CHJKIDIA_05596,613,1377,3.67743016784195e-40,GH17,762
0,CHJKIDIA_05598,7,1029,1.424781369086149e-25,GH18,1020
0,CHJKIDIA_05623,70,981,5.5520309115357414e-139,GH72,909
1,CHJKIDIA_05623,1144,1389,3.7327767355057117e-22,CBM43,243
0,CHJKIDIA_05685,76,975,2.6931786411225087e-139,GH72,897
1,CHJKIDIA_05685,1138,1383,4.437989395782162e-22,CBM43,243
0,CHJKIDIA_05697,70,1020,4.976461980064802e-79,GH130,948
0,CHJKIDIA_05701,1,1398,8.188594029795433e-187,GT20,1395
0,CHJKIDIA_05727,79,255,1.7504054637723977e-37,GH5,174
1,CHJKIDIA_05727,256,1209,3.0893357970660113e-118,GH5_9,951
2,CHJKIDIA_05727,1210,1308,1.7504054637723977e-37,GH5,96
0,CHJKIDIA_05752,658,1497,9.153749549693212e-46,GT71,837
0,CHJKIDIA_05881,466,1269,5.170219825146464e-139,GT15,801
0,CHJKIDIA_05909,268,1281,8.654319897315669e-113,GT15,1011
0,CHJKIDIA_05936,481,2697,1.278448234578544e-288,GT35,2214
0,CHJKIDIA_06082,514,675,4.6194981523467344e-39,GH13,159
1,CHJKIDIA_06082,676,1560,3.765021994915219e-151,GH13_8,882
0,CHJKIDIA_06143,115,1221,2.5445774176037795e-127,GT59,1104
0,CHJKIDIA_06179,850,2547,4.8113637719431393e-14,GT2,1695
0,CHJKIDIA_06209,448,1371,1.9573890853655888e-103,GT62,921
0,CHJKIDIA_06251,49,165,3.4314237285486024e-09,CBM18,114
1,CHJKIDIA_06251,202,318,2.202444539857472e-18,GH16,114
2,CHJKIDIA_06251,319,810,1.7987855449362949e-81,GH16_19,489
0,CHJKIDIA_06253,487,1290,8.734521700357043e-139,GT15,801
0,CHJKIDIA_06368,340,2466,1.0037361249863113e-200,GT66,2124
0,CHJKIDIA_06502,94,1278,1.1652377216236663e-108,GT76,1182
0,CHJKIDIA_06512,154,921,1.9474470513293158e-56,GH3,765
0,CHJKIDIA_06773,520,939,2.6086799981679734e-34,CE4,417
0,CHJKIDIA_06805,70,315,5.041799887745823e-24,GH16,243
1,CHJKIDIA_06805,316,768,1.3202606058751753e-61,GH16_18,450
2,CHJKIDIA_06805,769,858,5.041799887745823e-24,GH16,87
0,CHJKIDIA_06974,799,1710,1.3342900014151119e-67,GT71,909
0,CHJKIDIA_07110,46,834,2.581754856719019e-20,CE1,786
0,CHJKIDIA_07152,1,567,8.12673637991252e-95,GT3,564
0,CHJKIDIA_07153,451,1767,1.274783774377101e-118,GT91,1314
0,CHJKIDIA_07178,400,1281,1.6931790097339222e-117,GH132,879
0,CHJKIDIA_07209,2506,3519,5.87497150698856e-23,GT2,1011
0,CHJKIDIA_07274,7,921,2.821097235440897e-21,GH18,912
0,CHJKIDIA_07307,13,834,2.0928256420512867e-56,GH17,819
0,CHJKIDIA_07342,109,942,1.2468338919797195e-64,GT39,831
0,CHJKIDIA_07402,40,1167,4.599740901696073e-103,GT22,1125
0,CHJKIDIA_07485,52,1221,2.228606837502888e-95,GH76,1167
0,CHJKIDIA_07599,184,456,2.280422024955402e-27,GT32,270
0,CHJKIDIA_07608,208,996,2.352196347993901e-113,GT15,786
0,CHJKIDIA_07749,850,1662,2.082142429868113e-61,GT71,810
0,CHJKIDIA_07798,403,1224,1.6921189110717026e-54,GT62,819
0,CHJKIDIA_07829,1048,1938,9.423027937325459e-75,GT71,888
0,CHJKIDIA_08171,151,1002,4.763655940954943e-62,GT39,849
0,CHJKIDIA_08222,1,618,2.9181326645332594e-90,AA1_2,615
1,CHJKIDIA_08222,619,1095,4.635980084549709e-54,AA1,474
0,CHJKIDIA_08225,34,120,3.9444891059384715e-111,AA1,84
1,CHJKIDIA_08225,121,1125,1.3239329698309997e-152,AA1_2,1002
2,CHJKIDIA_08225,1126,1602,3.9444891059384715e-111,AA1,474
0,CHJKIDIA_08320,10,582,1.2506459880550246e-96,AA6,570
0,CHJKIDIA_08493,1060,1494,2.2039753618051576e-31,CBM21,432
0,CHJKIDIA_08538,16,588,3.1163946803843584e-95,AA6,570
